{"cameraMode":{"drawMode":0,"name":"Shaded","section":"Shading Mode"},"sceneLighting":true,"audioPlay":false,"sceneViewState":{"m_AlwaysRefresh":false,"showFog":true,"showSkybox":true,"showFlares":true,"showImageEffects":true,"showParticleSystems":true,"showVisualEffectGraphs":true,"m_FxEnabled":true},"in2DMode":false,"pivot":{"x":-41.249114990234378,"y":-48.493892669677737,"z":-85.14407348632813},"rotation":{"x":-0.0009399042464792728,"y":0.9713506102561951,"z":-0.23770521581172944,"w":-0.00377246318385005},"size":56.26413345336914,"orthographic":false}