{"cameraMode":{"drawMode":0,"name":"Shaded","section":"Shading Mode"},"sceneLighting":true,"audioPlay":false,"sceneViewState":{"showFog":true,"showMaterialUpdate":true,"showSkybox":true,"showFlares":true,"showImageEffects":true,"showParticleSystems":true},"in2DMode":false,"pivot":{"x":3.548325538635254,"y":0.2508111000061035,"z":-1.2510240077972413},"rotation":{"x":0.16480837762355805,"y":-0.7180026173591614,"z":0.18166203796863557,"w":0.6513903737068176},"size":10.0,"orthographic":false}