{"cameraMode":{"drawMode":0,"name":"Shaded","section":"Shading Mode"},"sceneLighting":true,"audioPlay":false,"sceneViewState":{"m_AlwaysRefresh":false,"showFog":true,"showSkybox":true,"showFlares":true,"showImageEffects":true,"showParticleSystems":true,"showVisualEffectGraphs":true,"m_FxEnabled":true},"in2DMode":false,"pivot":{"x":-118.98824310302735,"y":-15.506965637207032,"z":-1.1751666069030762},"rotation":{"x":0.05588611587882042,"y":-0.7084591388702393,"z":0.05642462521791458,"w":0.7012658715248108},"size":56.26413345336914,"orthographic":false}