{"cameraMode":{"drawMode":0,"name":"Shaded","section":"Shading Mode"},"sceneLighting":true,"audioPlay":false,"sceneViewState":{"m_AlwaysRefresh":false,"showFog":true,"showSkybox":true,"showFlares":true,"showImageEffects":true,"showParticleSystems":true,"showVisualEffectGraphs":true,"m_FxEnabled":true},"in2DMode":false,"pivot":{"x":625.9669189453125,"y":348.2970275878906,"z":-79.93817138671875},"rotation":{"x":0.0014999989653006197,"y":-3.259606751182531e-10,"z":-3.6085828769572006e-11,"w":0.9999985098838806},"size":276.9757080078125,"orthographic":false}