{"cameraMode":{"drawMode":0,"name":"Shaded","section":"Shading Mode"},"sceneLighting":true,"audioPlay":false,"sceneViewState":{"m_AlwaysRefresh":false,"showFog":true,"showSkybox":true,"showFlares":true,"showImageEffects":true,"showParticleSystems":true,"showVisualEffectGraphs":true,"m_FxEnabled":true},"in2DMode":false,"pivot":{"x":659.78955078125,"y":330.4531555175781,"z":-365.51702880859377},"rotation":{"x":0.029994236305356027,"y":0.0030000361148267986,"z":-0.00008484157297061756,"w":0.9995395541191101},"size":323.9468688964844,"orthographic":true}