{"cameraMode":{"drawMode":0,"name":"Shaded","section":"Shading Mode"},"sceneLighting":true,"audioPlay":false,"sceneViewState":{"m_AlwaysRefresh":false,"showFog":true,"showSkybox":true,"showFlares":true,"showImageEffects":true,"showParticleSystems":true,"showVisualEffectGraphs":true,"m_FxEnabled":true},"in2DMode":false,"pivot":{"x":-11.317779541015625,"y":1.5771589279174805,"z":-0.6844590902328491},"rotation":{"x":0.003170850919559598,"y":-0.7045029997825623,"z":0.0171065591275692,"w":0.7099606394767761},"size":10.920249938964844,"orthographic":false}