{"cameraMode":{"drawMode":0,"name":"Shaded","section":"Shading Mode"},"sceneLighting":true,"audioPlay":false,"sceneViewState":{"m_AlwaysRefresh":false,"showFog":true,"showSkybox":true,"showFlares":true,"showImageEffects":true,"showParticleSystems":true,"showVisualEffectGraphs":true,"m_FxEnabled":true},"in2DMode":false,"pivot":{"x":1060.4954833984375,"y":341.4936828613281,"z":-391.23187255859377},"rotation":{"x":0.29713934659957888,"y":-0.3023362159729004,"z":0.09979991614818573,"w":0.9001948237419128},"size":40.584739685058597,"orthographic":true}