{"cameraMode":{"drawMode":0,"name":"Shaded","section":"Shading Mode"},"sceneLighting":true,"audioPlay":false,"sceneViewState":{"m_AlwaysRefresh":false,"showFog":true,"showSkybox":true,"showFlares":true,"showImageEffects":true,"showParticleSystems":true,"showVisualEffectGraphs":true,"m_FxEnabled":true},"in2DMode":false,"pivot":{"x":766.2959594726563,"y":409.2394714355469,"z":-13.783326148986817},"rotation":{"x":0.0227944515645504,"y":0.003620955627411604,"z":-0.004267000127583742,"w":0.9992468953132629},"size":351.6131896972656,"orthographic":true}