{"cameraMode":{"drawMode":0,"name":"Shaded","section":"Shading Mode"},"sceneLighting":true,"audioPlay":false,"sceneViewState":{"m_AlwaysRefresh":false,"showFog":true,"showSkybox":true,"showFlares":true,"showImageEffects":true,"showParticleSystems":true,"showVisualEffectGraphs":true,"m_FxEnabled":true},"in2DMode":false,"pivot":{"x":567.4882202148438,"y":346.594970703125,"z":-65.08333587646485},"rotation":{"x":-0.004499085247516632,"y":0.023998042568564416,"z":0.00010974959150189534,"w":0.9996945261955261},"size":291.4534606933594,"orthographic":true}