{"cameraMode":{"drawMode":0,"name":"Shaded","section":"Shading Mode"},"sceneLighting":false,"audioPlay":false,"sceneViewState":{"m_AlwaysRefresh":false,"showFog":true,"showSkybox":false,"showFlares":true,"showImageEffects":true,"showParticleSystems":true,"showVisualEffectGraphs":true,"m_FxEnabled":true},"in2DMode":false,"pivot":{"x":-0.18448439240455628,"y":-0.004975170828402042,"z":8.352343559265137},"rotation":{"x":-0.0838925763964653,"y":-0.013461379334330559,"z":0.0011392052983865142,"w":-0.9963758587837219},"size":4.484626293182373,"orthographic":false}