{"cameraMode":{"drawMode":0,"name":"Shaded","section":"Shading Mode"},"sceneLighting":false,"audioPlay":false,"sceneViewState":{"m_AlwaysRefresh":false,"showFog":true,"showSkybox":false,"showFlares":true,"showImageEffects":true,"showParticleSystems":true,"showVisualEffectGraphs":true,"m_FxEnabled":true},"in2DMode":false,"pivot":{"x":259.0621643066406,"y":510.37738037109377,"z":0.58905029296875},"rotation":{"x":0.0014999989653006197,"y":-3.259606751182531e-10,"z":-3.6085828769572006e-11,"w":0.9999985098838806},"size":468.4598693847656,"orthographic":false}